s_no,hospital_name,district_name,hosp_type,latitude,longitude,tpl_total,tpl_source,tier,hosp_level,level_source,dump_hospid,coord_status,coord_note
1395,CH Chowari,Chamba,DCH,32.42941193,76.01334389,42.44,real,Tertiary,L2,dump_level,1395,ok,
1396,CH Dalhousie,Chamba,DCH,32.53125872,75.9638228,28.26,real,Tertiary,L2,dump_level,1396,ok,
1397,CH Bharmour,Chamba,CH_SDH,32.44190594,76.53782124,31.959999999999997,real,Secondary,L3,dump_level,1397,ok,
1398,CHC Holi,Chamba,CHC,32.3263607,76.55793986,4.36,real,Secondary,L3,dump_level,1398,ok,
1400,CHC Sahoo,Chamba,CHC,32.4788412,76.29009063,27.54,real,Secondary,L3,dump_level,1400,ok,
1401,CH Kihar,Chamba,CH_SDH,32.45812171,75.93470424,34.62,real,Secondary,L3,dump_level,1401,ok,
1402,CH Salooni,Chamba,CH_SDH,32.721073,76.052293,22.2,real,Secondary,L3,dump_level,1402,ok,
1403,Pt. JLNGMC&H Chamba,Chamba,MCH,32.55865,76.122725,78.36,real,Tertiary,L1,dump_level,1403,ok,
1404,Civil Hospital Tissa,Chamba,CH_SDH,32.833392,76.156548,32.12,real,Secondary,L3,dump_level,1404,ok,
1408,CHC Samote,Chamba,CHC,32.327358,76.072633,11.079999999999998,real,Secondary,L3,dump_level,1408,ok,
1411,CHC Choori,Chamba,CHC,32.478802,76.290048,25.839999999999996,real,Secondary,L3,dump_level,1411,ok,
1412,CHC Bathri,Chamba,CHC,32.571778,75.979972,23.48,real,Secondary,L3,dump_level,1412,ok,
1413,Civil Hospital Kilar,Chamba,CHC,33.0811,76.4059,29.160000000000004,real,Secondary,L3,dump_level,1413,ok,
